[
    {
        "name": "Hisense 40-Inch Class A4 Series FHD 1080p Google Smart TV",
        "model-number": "Hisense 40-Inch Class A4 Series FHD 1080p Google Smart TV (40A4K, 2023 Model) - DTS Virtual: X, Game & Sports Modes, Chromecast Built-in, Alexa Compatibility, Black",
        "rating": "4.2 out of 5 stars",
        "no-of-rating": "382 ratings",
        "image": "https://m.media-amazon.com/images/I/71vd0UkOYOL.__AC_SY300_SX300_QL70_ML2_.jpg",
        "price": "159.",
        "additional-information": {
            "brand-name": "Hisense",
            "screen-size": "40 Inches",
            "supported-internet-services": "Google TV",
            "display-technology": "LCD",
            "resolution": "1080p",
            "refresh-rate": "60 Hz",
            "special-features": "Game Mode, Flat",
            "model-name": "A4 Series",
            "included-components": "Stand, TV, Remote Control, Power Cable"
        }
    },
    {
        "name": "LG 50-Inch Class 4K Ultra HD Smart LED TV",
        "model-number": "LG 50-Inch Class 4K Ultra HD Smart LED TV Bluetooth HDR10 webOS \u03b15 Gen5 AI Processor Game Optimizer Compatible with Alexa & Google Assistant 50UQ7070Z (Renewed)",
        "rating": "3.8 out of 5 stars",
        "no-of-rating": "29 ratings",
        "image": "https://m.media-amazon.com/images/I/51fjDzPJAxL.__AC_SY300_SX300_QL70_ML2_.jpg",
        "price": "324.",
        "additional-information": {
            "brand-name": "LG",
            "screen-size": "32 Inches",
            "supported-internet-services": "Netflix",
            "display-technology": "LED",
            "resolution": "4K",
            "refresh-rate": "60 KHz",
            "special-features": "SMART TV",
            "model-name": "50UQ7070Z",
            "included-components": "dvd"
        }
    },
    {
        "name": "LG 50-Inch Class 4K Ultra HD Smart LED TV",
        "model-number": "LG 50-Inch Class 4K Ultra HD Smart LED TV Bluetooth HDR10 webOS \u03b15 Gen5 AI Processor Game Optimizer Compatible with Alexa & Google Assistant 50UQ7070Z (Renewed)",
        "rating": "3.8 out of 5 stars",
        "no-of-rating": "29 ratings",
        "image": "https://m.media-amazon.com/images/I/51fjDzPJAxL.__AC_SY300_SX300_QL70_ML2_.jpg",
        "price": "324.",
        "additional-information": {
            "brand-name": "LG",
            "screen-size": "32 Inches",
            "supported-internet-services": "Netflix",
            "display-technology": "LED",
            "resolution": "4K",
            "refresh-rate": "60 KHz",
            "special-features": "SMART TV",
            "model-name": "50UQ7070Z",
            "included-components": "dvd"
        }
    },
    {
        "name": "TCL 65 inches QM8 QLED 4K Smart Mini LED TV",
        "model-number": "TCL 65 inches QM8 QLED 4K Smart Mini LED TV with Google (65QM850G, 2023 Model) Dolby Vision, Atmos, HDR Ultra, Game Accelerator up to 240Hz, Voice Remote, Works Alexa, Streaming Television, Black",
        "rating": "4.3 out of 5 stars",
        "no-of-rating": "297 ratings",
        "image": "https://m.media-amazon.com/images/I/91WXzWVVGsL.__AC_SX300_SY300_QL70_ML2_.jpg",
        "price": "748.",
        "additional-information": {
            "brand-name": "TCL",
            "screen-size": "65 Inches",
            "supported-internet-services": "Netflix",
            "display-technology": "QLED",
            "resolution": "4K",
            "refresh-rate": "120",
            "special-features": "Flat",
            "model-name": "65QM850G",
            "included-components": "Remote Control, 2x Remote Control Batteries, Stand, Power Cable, Quick Start Guide"
        }
    }
]